Workbook

Sheet Dataset
A1: Product ID | B1: Product Name | C1: Brand Name | D1: Price ($) | E1: Quantity | F1: Category
A2: 28-JAN-US | B2: Laptop | C2: Dell | D2: 1000 | E2: 30 | F2: Electronics
A3: 15-FEB-US | B3: Sneakers | C3: Nike | D3: 80 | E3: 15 | F3: Fashion
A4: 03-MAR-US | B4: Coffee Maker | C4: Keurig | D4: 130 | E4: 40 | F4: Kitchen
A5: 11-APR-US | B5: Smartphone | C5: Samsung | D5: 900 | E5: 25 | F5: Electronics
A6: 22-MAY-US | B6: Backpack | C6: North Face | D6: 70 | E6: 20 | F6: Outdoor
A7: 07-JUN-UK | B7: Headphones | C7: Sony | D7: 200 | E7: 45 | F7: Electronics
A8: 19-JUL-UK | B8: T-shirt | C8: Adidas | D8: 30 | E8: 5 | F8: Fashion
A9: 23-AUG-UK | B9: Blender | C9: Ninja | D9: 90 | E9: 35 | F9: Kitchen
A10: 05-SEP-UK | B10: Tablet | C10: Apple | D10: 500 | E10: 50 | F10: Electronics
A11: 14-OCT-UK | B11: Hiking Boots | C11: Timberland | D11: 130 | E11: 10 | F11: Outdoor
A12: 17-JUN-IN | B12: Laptop | C12: HP | D12: 950 | E12: 25 | F12: Electronics
A13: 25-NOV-AU | B13: Sneakers | C13: Adidas | D13: 90 | E13: 40 | F13: Fashion
... A35: 09-JUL-FR | B35: Watch | C35: Casio | D35: 100 | E35: 20 | F35: Accessories

Sheet Excel Assignment 2 – Data Explo
A1: Product ID | B1: Manufacturing Date | C1: Country Code | D1: Product Name | E1: Brand Name | F1: Product Brand | G1: Price ($) | H1: Quantity | I1: Category
A2: =Dataset!A2 -> 28-JAN-US | B2: =DATEVALUE(LEFT(A2,LEN(A2)-3)&"-"&YEAR(TODAY())) -> 46050 | C2: =RIGHT(A2,2) -> US | D2: =PROPER(TRIM(Dataset!B2)) -> Laptop | E2: =SUBSTITUTE(PROPER(TRIM(Dataset!C2)),"'S","'s") -> Dell | F2: =E2&" "&D2 -> Dell Laptop | G2: =Dataset!D2 -> 1000 | H2: =Dataset!E2 -> 30 | I2: =PROPER(TRIM(Dataset!F2)) -> Electronics
A3: =Dataset!A3 -> 15-FEB-US | B3: =DATEVALUE(LEFT(A3,LEN(A3)-3)&"-"&YEAR(TODAY())) -> 46068 | C3: =RIGHT(A3,2) -> US | D3: =PROPER(TRIM(Dataset!B3)) -> Sneakers | E3: =SUBSTITUTE(PROPER(TRIM(Dataset!C3)),"'S","'s") -> Nike | F3: =E3&" "&D3 -> Nike Sneakers | G3: =Dataset!D3 -> 80 | H3: =Dataset!E3 -> 15 | I3: =PROPER(TRIM(Dataset!F3)) -> Fashion
A4: =Dataset!A4 -> 03-MAR-US | B4: =DATEVALUE(LEFT(A4,LEN(A4)-3)&"-"&YEAR(TODAY())) -> 46084 | C4: =RIGHT(A4,2) -> US | D4: =PROPER(TRIM(Dataset!B4)) -> Coffee Maker | E4: =SUBSTITUTE(PROPER(TRIM(Dataset!C4)),"'S","'s") -> Keurig | F4: =E4&" "&D4 -> Keurig Coffee Maker | G4: =Dataset!D4 -> 130 | H4: =Dataset!E4 -> 40 | I4: =PROPER(TRIM(Dataset!F4)) -> Kitchen
A5: =Dataset!A5 -> 11-APR-US | B5: =DATEVALUE(LEFT(A5,LEN(A5)-3)&"-"&YEAR(TODAY())) -> 46123 | C5: =RIGHT(A5,2) -> US | D5: =PROPER(TRIM(Dataset!B5)) -> Smartphone | E5: =SUBSTITUTE(PROPER(TRIM(Dataset!C5)),"'S","'s") -> Samsung | F5: =E5&" "&D5 -> Samsung Smartphone | G5: =Dataset!D5 -> 900 | H5: =Dataset!E5 -> 25 | I5: =PROPER(TRIM(Dataset!F5)) -> Electronics
A6: =Dataset!A6 -> 22-MAY-US | B6: =DATEVALUE(LEFT(A6,LEN(A6)-3)&"-"&YEAR(TODAY())) -> 46164 | C6: =RIGHT(A6,2) -> US | D6: =PROPER(TRIM(Dataset!B6)) -> Backpack | E6: =SUBSTITUTE(PROPER(TRIM(Dataset!C6)),"'S","'s") -> North Face | F6: =E6&" "&D6 -> North Face Backpack | G6: =Dataset!D6 -> 70 | H6: =Dataset!E6 -> 20 | I6: =PROPER(TRIM(Dataset!F6)) -> Outdoor
A7: =Dataset!A7 -> 07-JUN-UK | B7: =DATEVALUE(LEFT(A7,LEN(A7)-3)&"-"&YEAR(TODAY())) -> 46180 | C7: =RIGHT(A7,2) -> UK | D7: =PROPER(TRIM(Dataset!B7)) -> Headphones | E7: =SUBSTITUTE(PROPER(TRIM(Dataset!C7)),"'S","'s") -> Sony | F7: =E7&" "&D7 -> Sony Headphones | G7: =Dataset!D7 -> 200 | H7: =Dataset!E7 -> 45 | I7: =PROPER(TRIM(Dataset!F7)) -> Electronics
A8: =Dataset!A8 -> 19-JUL-UK | B8: =DATEVALUE(LEFT(A8,LEN(A8)-3)&"-"&YEAR(TODAY())) -> 46222 | C8: =RIGHT(A8,2) -> UK | D8: =PROPER(TRIM(Dataset!B8)) -> T-Shirt | E8: =SUBSTITUTE(PROPER(TRIM(Dataset!C8)),"'S","'s") -> Adidas | F8: =E8&" "&D8 -> Adidas T-Shirt | G8: =Dataset!D8 -> 30 | H8: =Dataset!E8 -> 5 | I8: =PROPER(TRIM(Dataset!F8)) -> Fashion
A9: =Dataset!A9 -> 23-AUG-UK | B9: =DATEVALUE(LEFT(A9,LEN(A9)-3)&"-"&YEAR(TODAY())) -> 46257 | C9: =RIGHT(A9,2) -> UK | D9: =PROPER(TRIM(Dataset!B9)) -> Blender | E9: =SUBSTITUTE(PROPER(TRIM(Dataset!C9)),"'S","'s") -> Ninja | F9: =E9&" "&D9 -> Ninja Blender | G9: =Dataset!D9 -> 90 | H9: =Dataset!E9 -> 35 | I9: =PROPER(TRIM(Dataset!F9)) -> Kitchen
A10: =Dataset!A10 -> 05-SEP-UK | B10: =DATEVALUE(LEFT(A10,LEN(A10)-3)&"-"&YEAR(TODAY())) -> 46270 | C10: =RIGHT(A10,2) -> UK | D10: =PROPER(TRIM(Dataset!B10)) -> Tablet | E10: =SUBSTITUTE(PROPER(TRIM(Dataset!C10)),"'S","'s") -> Apple | F10: =E10&" "&D10 -> Apple Tablet | G10: =Dataset!D10 -> 500 | H10: =Dataset!E10 -> 50 | I10: =PROPER(TRIM(Dataset!F10)) -> Electronics
A11: =Dataset!A11 -> 14-OCT-UK | B11: =DATEVALUE(LEFT(A11,LEN(A11)-3)&"-"&YEAR(TODAY())) -> 46309 | C11: =RIGHT(A11,2) -> UK | D11: =PROPER(TRIM(Dataset!B11)) -> Hiking Boots | E11: =SUBSTITUTE(PROPER(TRIM(Dataset!C11)),"'S","'s") -> Timberland | F11: =E11&" "&D11 -> Timberland Hiking Boots | G11: =Dataset!D11 -> 130 | H11: =Dataset!E11 -> 10 | I11: =PROPER(TRIM(Dataset!F11)) -> Outdoor
A12: =Dataset!A12 -> 17-JUN-IN | B12: =DATEVALUE(LEFT(A12,LEN(A12)-3)&"-"&YEAR(TODAY())) -> 46190 | C12: =RIGHT(A12,2) -> IN | D12: =PROPER(TRIM(Dataset!B12)) -> Laptop | E12: =SUBSTITUTE(PROPER(TRIM(Dataset!C12)),"'S","'s") -> Hp | F12: =E12&" "&D12 -> Hp Laptop | G12: =Dataset!D12 -> 950 | H12: =Dataset!E12 -> 25 | I12: =PROPER(TRIM(Dataset!F12)) -> Electronics
A13: =Dataset!A13 -> 25-NOV-AU | B13: =DATEVALUE(LEFT(A13,LEN(A13)-3)&"-"&YEAR(TODAY())) -> 46351 | C13: =RIGHT(A13,2) -> AU | D13: =PROPER(TRIM(Dataset!B13)) -> Sneakers | E13: =SUBSTITUTE(PROPER(TRIM(Dataset!C13)),"'S","'s") -> Adidas | F13: =E13&" "&D13 -> Adidas Sneakers | G13: =Dataset!D13 -> 90 | H13: =Dataset!E13 -> 40 | I13: =PROPER(TRIM(Dataset!F13)) -> Fashion
... A24: =Dataset!A24 -> 19-JUL-BR | B24: =DATEVALUE(LEFT(A24,LEN(A24)-3)&"-"&YEAR(TODAY())) -> 46222 | C24: =RIGHT(A24,2) -> BR | D24: =PROPER(TRIM(Dataset!B24)) -> Fitness Tracker | E24: =SUBSTITUTE(PROPER(TRIM(Dataset!C24)),"'S","'s") -> Xiaomi | F24: =E24&" "&D24 -> Xiaomi Fitness Tracker | G24: =Dataset!D24 -> 150 | H24: =Dataset!E24 -> 30 | I24: =PROPER(TRIM(Dataset!F24)) -> Electronics
A25: =Dataset!A26 -> 29-SEP-CA | B25: =DATEVALUE(LEFT(A25,LEN(A25)-3)&"-"&YEAR(TODAY())) -> 46294 | C25: =RIGHT(A25,2) -> CA | D25: =PROPER(TRIM(Dataset!B26)) -> Smartphone | E25: =SUBSTITUTE(PROPER(TRIM(Dataset!C26)),"'S","'s") -> Google | F25: =E25&" "&D25 -> Google Smartphone | G25: =Dataset!D26 -> 800 | H25: =Dataset!E26 -> 45 | I25: =PROPER(TRIM(Dataset!F26)) -> Electronics
A26: =Dataset!A27 -> 03-JUN-CA | B26: =DATEVALUE(LEFT(A26,LEN(A26)-3)&"-"&YEAR(TODAY())) -> 46176 | C26: =RIGHT(A26,2) -> CA | D26: =PROPER(TRIM(Dataset!B27)) -> Sunglasses | E26: =SUBSTITUTE(PROPER(TRIM(Dataset!C27)),"'S","'s") -> Ray-Ban | F26: =E26&" "&D26 -> Ray-Ban Sunglasses | G26: =Dataset!D27 -> 130 | H26: =Dataset!E27 -> 25 | I26: =PROPER(TRIM(Dataset!F27)) -> Fashion
A27: =Dataset!A28 -> 11-JUL-CA | B27: =DATEVALUE(LEFT(A27,LEN(A27)-3)&"-"&YEAR(TODAY())) -> 46214 | C27: =RIGHT(A27,2) -> CA | D27: =PROPER(TRIM(Dataset!B28)) -> Blender | E27: =SUBSTITUTE(PROPER(TRIM(Dataset!C28)),"'S","'s") -> Vitamix | F27: =E27&" "&D27 -> Vitamix Blender | G27: =Dataset!D28 -> 400 | H27: =Dataset!E28 -> 40 | I27: =PROPER(TRIM(Dataset!F28)) -> Kitchen
A28: =Dataset!A29 -> 16-APR-ES | B28: =DATEVALUE(LEFT(A28,LEN(A28)-3)&"-"&YEAR(TODAY())) -> 46128 | C28: =RIGHT(A28,2) -> ES | D28: =PROPER(TRIM(Dataset!B29)) -> Headphones | E28: =SUBSTITUTE(PROPER(TRIM(Dataset!C29)),"'S","'s") -> Bose | F28: =E28&" "&D28 -> Bose Headphones | G28: =Dataset!D29 -> 230 | H28: =Dataset!E29 -> 20 | I28: =PROPER(TRIM(Dataset!F29)) -> Electronics
A29: =Dataset!A30 -> 07-MAR-CA | B29: =DATEVALUE(LEFT(A29,LEN(A29)-3)&"-"&YEAR(TODAY())) -> 46088 | C29: =RIGHT(A29,2) -> CA | D29: =PROPER(TRIM(Dataset!B30)) -> Dress | E29: =SUBSTITUTE(PROPER(TRIM(Dataset!C30)),"'S","'s") -> Zara | F29: =E29&" "&D29 -> Zara Dress | G29: =Dataset!D30 -> 60 | H29: =Dataset!E30 -> 30 | I29: =PROPER(TRIM(Dataset!F30)) -> Fashion
A30: =Dataset!A31 -> 13-APR-CA | B30: =DATEVALUE(LEFT(A30,LEN(A30)-3)&"-"&YEAR(TODAY())) -> 46125 | C30: =RIGHT(A30,2) -> CA | D30: =PROPER(TRIM(Dataset!B31)) -> Toaster | E30: =SUBSTITUTE(PROPER(TRIM(Dataset!C31)),"'S","'s") -> Hamilton | F30: =E30&" "&D30 -> Hamilton Toaster | G30: =Dataset!D31 -> 40 | H30: =Dataset!E31 -> 10 | I30: =PROPER(TRIM(Dataset!F31)) -> Kitchen
A31: =Dataset!A32 -> 24-MAY-CA | B31: =DATEVALUE(LEFT(A31,LEN(A31)-3)&"-"&YEAR(TODAY())) -> 46166 | C31: =RIGHT(A31,2) -> CA | D31: =PROPER(TRIM(Dataset!B32)) -> Fitness Tracker | E31: =SUBSTITUTE(PROPER(TRIM(Dataset!C32)),"'S","'s") -> Garmin | F31: =E31&" "&D31 -> Garmin Fitness Tracker | G31: =Dataset!D32 -> 130 | H31: =Dataset!E32 -> 5 | I31: =PROPER(TRIM(Dataset!F32)) -> Electronics
A32: =Dataset!A33 -> 02-DEC-CA | B32: =DATEVALUE(LEFT(A32,LEN(A32)-3)&"-"&YEAR(TODAY())) -> 46358 | C32: =RIGHT(A32,2) -> CA | D32: =PROPER(TRIM(Dataset!B33)) -> Jeans | E32: =SUBSTITUTE(PROPER(TRIM(Dataset!C33)),"'S","'s") -> Levi's | F32: =E32&" "&D32 -> Levi's Jeans | G32: =Dataset!D33 -> 50 | H32: =Dataset!E33 -> 50 | I32: =PROPER(TRIM(Dataset!F33)) -> Fashion
A33: =Dataset!A35 -> 09-JUL-FR | B33: =DATEVALUE(LEFT(A33,LEN(A33)-3)&"-"&YEAR(TODAY())) -> 46212 | C33: =RIGHT(A33,2) -> FR | D33: =PROPER(TRIM(Dataset!B35)) -> Watch | E33: =SUBSTITUTE(PROPER(TRIM(Dataset!C35)),"'S","'s") -> Casio | F33: =E33&" "&D33 -> Casio Watch | G33: =Dataset!D35 -> 100 | H33: =Dataset!E35 -> 20 | I33: =PROPER(TRIM(Dataset!F35)) -> Accessories

Sheet Observations
A2: 1. Handling Missing Values
A4: No missing values detected
A6: Price column: 0 blanks (all 32 records have prices)
A7: Category column: 0 blanks (all records assigned)
A9: 2. Correcting Inconsistent Data
A11: No typos found in Category column (consistent: "Electronics", "Fashion", "Kitchen", "Outdoor", "Accessories")
A12: No inconsistent casing in Product Name column
A13: No hidden spaces or formatting issues
A15: 3. Removing Duplicates
A17: Method: Data tab → Remove Duplicates → Select all columns
A19: Duplicates Found & Removed (2 rows):
A33: 4. Splitting and Merging Data
... A53: Additionally, the custom highlight rule applied to "Electronics" creates an immediate visual anchor for high-priority product segments during executive reviews.
